{"mae": 1344.5034121340127, "mse": 10167062.476810668, "rmse": 3188.583145663708, "rmsle": 8.067331942148503, "r2": 0.854393972622505, "adj_r2": 0.8543853642671072, "_timestamp": 1668095270.0979688, "_runtime": 87.05038976669312, "_step": 0, "_wandb": {"runtime": 84}}