{"mae": 1346.7223845236726, "mse": 10176822.820599679, "rmse": 3190.1132927530457, "rmsle": 8.067811710117855, "r2": 0.854254191354494, "adj_r2": 0.8542455747351055, "_timestamp": 1668095497.4426405, "_runtime": 56.79867744445801, "_step": 0, "_wandb": {"runtime": 55}}