{"mae": 1356.5634632209672, "mse": 10309778.534720808, "rmse": 3210.8843851376537, "rmsle": 8.074301687566997, "r2": 0.8523500864673184, "adj_r2": 0.8523413572755875, "_timestamp": 1668095850.133943, "_runtime": 35.05180811882019, "_step": 0, "_wandb": {"runtime": 33}}