{"mae": 1350.2586286946726, "mse": 10221352.970125608, "rmse": 3197.0850739580906, "rmsle": 8.06999475926509, "r2": 0.8536164596413482, "adj_r2": 0.8536078053187044, "_timestamp": 1668095150.2898457, "_runtime": 48.26911759376526, "_step": 0, "_wandb": {"runtime": 46}}