{"mae": 1342.5518498462684, "mse": 10143356.355730833, "rmse": 3184.863632203243, "rmsle": 8.066164751454874, "r2": 0.8547334762030956, "adj_r2": 0.8547248879194457, "_timestamp": 1668095423.1419053, "_runtime": 131.87373042106628, "_step": 0, "_wandb": {"runtime": 130}}