{"mae": 1350.549655722921, "mse": 10213899.99515524, "rmse": 3195.919272315125, "rmsle": 8.06963004759191, "r2": 0.8537231962803778, "adj_r2": 0.8537145482680972, "_timestamp": 1668096113.8319669, "_runtime": 38.056480884552, "_step": 0, "_wandb": {"runtime": 36}}