{"mae": 1349.585038415786, "mse": 10270003.184413707, "rmse": 3204.6845686297593, "rmsle": 8.072368945987094, "r2": 0.8529197230520226, "adj_r2": 0.8529110275377036, "_timestamp": 1668096056.4957948, "_runtime": 94.28474378585815, "_step": 0, "_wandb": {"runtime": 91}}