{"mae": 1349.4680954569014, "mse": 10251345.180185756, "rmse": 3201.7721936742714, "rmsle": 8.071459746014575, "r2": 0.8531869308006345, "adj_r2": 0.8531782510838708, "_timestamp": 1668095081.6109476, "_runtime": 124.01088070869446, "_step": 0, "_wandb": {"runtime": 122}}