{"mae": 1350.4628258860646, "mse": 10222824.369712928, "rmse": 3197.3151814785056, "rmsle": 8.070066730837503, "r2": 0.8535953872176189, "adj_r2": 0.853586731649155, "_timestamp": 1668094896.0874364, "_runtime": 71.17061638832092, "_step": 0, "_wandb": {"runtime": 69}}