{"mae": 1356.8061819964792, "mse": 10275806.349101644, "rmse": 3205.5898597764567, "rmsle": 8.072651396032821, "r2": 0.8528366139181547, "adj_r2": 0.8528279134903513, "_timestamp": 1668094804.187975, "_runtime": 43.29044795036316, "_step": 0, "_wandb": {"runtime": 41}}