{"mae": 1350.8147475929284, "mse": 10248266.355170641, "rmse": 3201.2913574322847, "rmsle": 8.07130955658133, "r2": 0.8532310237213245, "adj_r2": 0.8532223466113729, "_timestamp": 1668095945.2781477, "_runtime": 69.94841074943542, "_step": 0, "_wandb": {"runtime": 66}}