{"mae": 1341.8851837585141, "mse": 10148230.216724811, "rmse": 3185.628700386285, "rmsle": 8.06640494268242, "r2": 0.854663675949685, "adj_r2": 0.8546550835393831, "_timestamp": 1668095613.0994086, "_runtime": 95.99355173110962, "_step": 0, "_wandb": {"runtime": 94}}